email,password
user001@example.com,SecureP@ss123
user002@example.com,SecureP@ss123
user003@example.com,SecureP@ss123
user004@example.com,SecureP@ss123
user005@example.com,SecureP@ss123
user006@example.com,SecureP@ss123
user007@example.com,SecureP@ss123
user008@example.com,SecureP@ss123
user009@example.com,SecureP@ss123
user010@example.com,SecureP@ss123
user011@example.com,SecureP@ss123
user012@example.com,SecureP@ss123
user013@example.com,SecureP@ss123
user014@example.com,SecureP@ss123
user015@example.com,SecureP@ss123
user016@example.com,SecureP@ss123
user017@example.com,SecureP@ss123
user018@example.com,SecureP@ss123
user019@example.com,SecureP@ss123
user020@example.com,SecureP@ss123
user021@example.com,SecureP@ss123
user022@example.com,SecureP@ss123
user023@example.com,SecureP@ss123
user024@example.com,SecureP@ss123
user025@example.com,SecureP@ss123
user026@example.com,SecureP@ss123
user027@example.com,SecureP@ss123
user028@example.com,SecureP@ss123
user029@example.com,SecureP@ss123
user030@example.com,SecureP@ss123
user031@example.com,SecureP@ss123
user032@example.com,SecureP@ss123
user033@example.com,SecureP@ss123
user034@example.com,SecureP@ss123
user035@example.com,SecureP@ss123
user036@example.com,SecureP@ss123
user037@example.com,SecureP@ss123
user038@example.com,SecureP@ss123
user039@example.com,SecureP@ss123
user040@example.com,SecureP@ss123
user041@example.com,SecureP@ss123
user042@example.com,SecureP@ss123
user043@example.com,SecureP@ss123
user044@example.com,SecureP@ss123
user045@example.com,SecureP@ss123
user046@example.com,SecureP@ss123
user047@example.com,SecureP@ss123
user048@example.com,SecureP@ss123
user049@example.com,SecureP@ss123
user050@example.com,SecureP@ss123
user051@example.com,SecureP@ss123
user052@example.com,SecureP@ss123
user053@example.com,SecureP@ss123
user054@example.com,SecureP@ss123
user055@example.com,SecureP@ss123
user056@example.com,SecureP@ss123
user057@example.com,SecureP@ss123
user058@example.com,SecureP@ss123
user059@example.com,SecureP@ss123
user060@example.com,SecureP@ss123
user061@example.com,SecureP@ss123
user062@example.com,SecureP@ss123
user063@example.com,SecureP@ss123
user064@example.com,SecureP@ss123
user065@example.com,SecureP@ss123
user066@example.com,SecureP@ss123
user067@example.com,SecureP@ss123
user068@example.com,SecureP@ss123
user069@example.com,SecureP@ss123
user070@example.com,SecureP@ss123
user071@example.com,SecureP@ss123
user072@example.com,SecureP@ss123
user073@example.com,SecureP@ss123
user074@example.com,SecureP@ss123
user075@example.com,SecureP@ss123
user076@example.com,SecureP@ss123
user077@example.com,SecureP@ss123
user078@example.com,SecureP@ss123
user079@example.com,SecureP@ss123
user080@example.com,SecureP@ss123
user081@example.com,SecureP@ss123
user082@example.com,SecureP@ss123
user083@example.com,SecureP@ss123
user084@example.com,SecureP@ss123
user085@example.com,SecureP@ss123
user086@example.com,SecureP@ss123
user087@example.com,SecureP@ss123
user088@example.com,SecureP@ss123
user089@example.com,SecureP@ss123
user090@example.com,SecureP@ss123
user091@example.com,SecureP@ss123
user092@example.com,SecureP@ss123
user093@example.com,SecureP@ss123
user094@example.com,SecureP@ss123
user095@example.com,SecureP@ss123
user096@example.com,SecureP@ss123
user097@example.com,SecureP@ss123
user098@example.com,SecureP@ss123
user099@example.com,SecureP@ss123
user100@example.com,SecureP@ss123